<?xml version="1.0" encoding="UTF-8"?>
<beans xmlns="http://www.springframework.org/schema/beans"
	xmlns:xsi="http://www.w3.org/2001/XMLSchema-instance"
	xsi:schemaLocation="http://www.springframework.org/schema/beans http://www.springframework.org/schema/beans/spring-beans.xsd">
	
	
	
	<bean id="smsMessageSender" class="kr.co.jhta.di.service.SmsMessageSender">
		<property name="company" value="SKT"></property>
	</bean>
	
	<bean id="userService" class="kr.co.jhta.di.service.step7.UserServiceImpl"></bean>
	
	<bean id="eventNotificationService" class="kr.co.jhta.di.service.step7.EventNotificationServiceImpl">
		<property name="messageSender" ref="smsMessageSender"></property>
		<property name="userService" ref="userService"></property>
	</bean>
	
</beans>
