<?xml version="1.0" encoding="UTF-8"?>
<beans xmlns="http://www.springframework.org/schema/beans"
	xmlns:xsi="http://www.w3.org/2001/XMLSchema-instance"
	xmlns:context="http://www.springframework.org/schema/context"
	xmlns:tx="http://www.springframework.org/schema/tx"
	xmlns:mybatis-spring="http://mybatis.org/schema/mybatis-spring"
	xsi:schemaLocation="http://mybatis.org/schema/mybatis-spring http://mybatis.org/schema/mybatis-spring-1.2.xsd
		http://www.springframework.org/schema/beans http://www.springframework.org/schema/beans/spring-beans.xsd
		http://www.springframework.org/schema/context http://www.springframework.org/schema/context/spring-context-4.3.xsd
		http://www.springframework.org/schema/tx http://www.springframework.org/schema/tx/spring-tx-4.3.xsd">

	<!-- 
		DataBase 연결 정보를 읽어오는 Bean 설정
	 -->
	<context:property-placeholder location="classpath:/META-INF/config/database.properties" />
	
	<!-- 
		Connection Pool Bean 설정 
	-->
	<bean id="dataSource" class="org.apache.commons.dbcp2.BasicDataSource">
		<property name="driverClassName" value="${db.driverClassName}" />
		<property name="url" value="${db.url}" />
		<property name="username" value="${db.username}" />
		<property name="password" value="${db.password}" />
	</bean>
	
	<!-- 
		mybatis SqlSessionFactory Bean 설정
	 -->
	 <bean class="org.mybatis.spring.SqlSessionFactoryBean">
	 	<property name="dataSource" ref="dataSource" />
	 	<property name="configLocation" value="classpath:/META-INF/mybatis/mybatis-config.xml" />
	 </bean>

	<!-- 
		Mapper Interface(BoardDao 인터페이스)를 스캔해서 Mapper Instance(BoardDao 인터페이스의 구현 객체)를 생성하고, Spring Bean으로 등록하는 MapperSacnnerConfigurer Bean 설정
	 -->
	 <mybatis-spring:scan base-package="kr.co.jhta.dao"/>

	<!-- 
		업무 로직이 구현된 xxxServiceImpl을 Spring Bean으로 등록하고, 조립시키기
	 -->
	 <context:annotation-config />
	 <context:component-scan base-package="kr.co.jhta.service" />
	 
</beans>