<?xml version="1.0" encoding="UTF-8"?>
<beans xmlns="http://www.springframework.org/schema/beans"
	xmlns:xsi="http://www.w3.org/2001/XMLSchema-instance"
	xsi:schemaLocation="http://www.springframework.org/schema/beans http://www.springframework.org/schema/beans/spring-beans.xsd">
	
	<bean id="kakaoTalkMessageSender" class="kr.co.jhta.di.service.KakaoTalkMessageSender">
		<property name="username" value="shim"></property>
		<property name="password" value="zxcv1234"></property>
	</bean>
	
	<bean id="smsMessageSender" class="kr.co.jhta.di.service.SmsMessageSender">
		<property name="company" value="SKT"></property>
	</bean> 
	
	<bean id="userService" class="kr.co.jhta.di.service.step7.UserServiceImpl"></bean>
	
	<bean id="noticeServiceUsingMap" class="kr.co.jhta.di.service.step8.NoticeServiceUsingMap">
		<property name="userService" ref="userService"></property>
		<property name="messageSenders">
			<map>
				<entry key="sms">
					<ref bean="smsMessageSender"/>
				</entry>
				<entry key="katalk">
					<ref bean="kakaoTalkMessageSender"/>
				</entry>
			</map>
		</property>
	</bean>

</beans>
